,Test Statistic,p Value
0,1.7840862247974725,0.07440965529691913
